time,theta_PID1_noload,theta_PID2_noload,theta_PID3_noload,theta_ref,Volt_PID1_noload,Volt_PID2_noload,Volt_PID3_noload
0,0,0,0,0,0,0,0
0.01,0,0,0,0,0,0,0
0.02,0,0,0,0,0,0,0
0.03,0,0,0,0,0,0,0
0.04,0,0,0,0,0,0,0
0.05,0,0,0,0,0,0,0
0.06,0,0,0,0,0,0,0
0.07,0,0,0,0,0,0,0
0.08,0,0,0,0,0,0,0
0.09,0,0,0,0,0,0,0
0.1,0,0,0,0,0,0,0
0.11,0,0,0,0,0,0,0
0.12,0,0,0,0,0,0,0
0.13,0,0,0,0,0,0,0
0.14,0,0,0,0,0,0,0
0.15,0,0,0,0,0,0,0
0.16,0,0,0,0,0,0,0
0.17,0,0,0,0,0,0,0
0.18,0,0,0,0,0,0,0
0.19,0,0,0,0,0,0,0
0.2,0,0,0,0,0,0,0
0.21,0,0,0,0,0,0,0
0.22,0,0,0,0,0,0,0
0.23,0,0,0,0,0,0,0
0.24,0,0,0,0,0,0,0
0.25,0,0,0,0,0,0,0
0.26,0,0,0,0,0,0,0
0.27,0,0,0,0,0,0,0
0.28,0,0,0,0,0,0,0
0.29,0,0,0,0,0,0,0
0.3,0,0,0,0,0,0,0
0.31,0,0,0,0,0,0,0
0.32,0,0,0,0,0,0,0
0.33,0,0,0,0,0,0,0
0.34,0,0,0,0,0,0,0
0.35,0,0,0,0,0,0,0
0.36,0,0,0,0,0,0,0
0.37,0,0,0,0,0,0,0
0.38,0,0,0,0,0,0,0
0.39,0,0,0,0,0,0,0
0.4,0,0,0,0,0,0,0
0.41,0,0,0,0,0,0,0
0.42,0,0,0,0,0,0,0
0.43,0,0,0,0,0,0,0
0.44,0,0,0,0,0,0,0
0.45,0,0,0,0,0,0,0
0.46,0,0,0,0,0,0,0
0.47,0,0,0,0,0,0,0
0.48,0,0,0,0,0,0,0
0.49,0,0,0,0,0,0,0
0.5,0,0,0,0,0,0,0
0.51,0,0,0,0,0,0,0
0.52,0,0,0,0,0,0,0
0.53,0,0,0,0,0,0,0
0.54,0,0,0,0,0,0,0
0.55,0,0,0,0,0,0,0
0.56,0,0,0,0,0,0,0
0.57,0,0,0,0,0,0,0
0.58,0,0,0,0,0,0,0
0.59,0,0,0,0,0,0,0
0.6,0,0,0,0,0,0,0
0.61,0,0,0,0,0,0,0
0.62,0,0,0,0,0,0,0
0.63,0,0,0,0,0,0,0
0.64,0,0,0,0,0,0,0
0.65,0,0,0,0,0,0,0
0.66,0,0,0,0,0,0,0
0.67,0,0,0,0,0,0,0
0.68,0,0,0,0,0,0,0
0.69,0,0,0,0,0,0,0
0.7,0,0,0,0,0,0,0
0.71,0,0,0,0,0,0,0
0.72,0,0,0,0,0,0,0
0.73,0,0,0,0,0,0,0
0.74,0,0,0,0,0,0,0
0.75,0,0,0,0,0,0,0
0.76,0,0,0,0,0,0,0
0.77,0,0,0,0,0,0,0
0.78,0,0,0,0,0,0,0
0.79,0,0,0,0,0,0,0
0.8,0,0,0,0,0,0,0
0.81,0,0,0,0,0,0,0
0.82,0,0,0,0,0,0,0
0.83,0,0,0,0,0,0,0
0.84,0,0,0,0,0,0,0
0.85,0,0,0,0,0,0,0
0.86,0,0,0,0,0,0,0
0.87,0,0,0,0,0,0,0
0.88,0,0,0,0,0,0,0
0.89,0,0,0,0,0,0,0
0.9,0,0,0,0,0,0,0
0.91,0,0,0,0,0,0,0
0.92,0,0,0,0,0,0,0
0.93,0,0,0,0,0,0,0
0.94,0,0,0,0,0,0,0
0.95,0,0,0,0,0,0,0
0.96,0,0,0,0,0,0,0
0.97,0,0,0,0,0,0,0
0.98,0,0,0,0,0,0,0
0.99,0,0,0,0,0,0,0
1,0,0,0,90,24,24,24
1.01,0.0572957795130823,0.0572957795130823,0.0572957795130823,90,24,24,24
1.02,0.385013749673281,0.385013749673281,0.385013749673281,90,24,24,24
1.03,1.16810160607142,1.16810160607142,1.16810160607142,90,24,24,24
1.04,2.51855801347426,2.51855801347426,2.51855801347426,90,24,24,24
1.05,4.49663189617991,4.49663189617991,4.49663189617991,90,24,24,24
1.06,7.12635987513203,7.12635987513203,7.12635987513203,90,24,24,24
1.07,10.4069094290344,10.4069094290344,10.4069094290344,90,24,24,24
1.08,14.320819289259,14.320819289259,14.320819289259,90,24,24,22.9040659356053
1.09,18.8399484439904,18.8399484439904,18.8326772036031,90,24,24,21.4691361131661
1.1,23.9297364977337,23.9297364977337,23.8883262831174,90,24,24,19.8836236961668
1.11,29.5522227957464,29.5522227957464,29.4198121056515,90,22.9954603333162,24,18.1684390617401
1.12,35.6638728001956,35.6681561015004,35.3497861428411,90,21.0193574247431,24,16.3472462791077
1.13,42.2016127074087,42.2384405869059,41.5952413546914,90,18.8860936008101,22.4373699562159,14.4452925120439
1.14,49.0891735699646,49.2141541982715,48.0704481605622,90,16.6211098083968,20.5839223737999,12.4884961129793
1.15,56.2404449340564,56.5327548080202,54.6892919611432,90,14.2534104867702,18.5707497495556,10.5027280847657
1.16,63.5635956094071,64.1208102584987,61.3671528481317,90,11.8141448143754,16.4185670846965,8.5132411184902
1.17,70.9643354400835,71.8975672692035,68.0224259643523,90,9.33548166814613,14.1509535736099,6.54421403471672
1.18,78.3485357318645,79.7779793063048,74.5777517337257,90,6.8497033868427,11.7934447471054,4.61838891142683
1.19,85.6243587582971,87.6751348137668,80.961005030308,90,4.38846662985934,9.37279313423269,2.75678471073203
1.2,92.7040001227286,95.502239487552,87.1060785873385,90,1.98219472309757,6.91635293377678,0.978475691210963
1.21,99.5051155898002,103.174259089591,92.953486644754,90,-0.340423011018242,4.4515580709651,-0.699574069672018
1.22,105.951982012176,110.609296223253,98.4508086423544,90,-2.55284184772527,2.00547275691864,-2.26262668228884
1.23,111.976427130367,117.729751419365,103.552988727965,90,-4.63099395643343,-0.395599528852826,-3.6982422768365
1.24,117.518553172088,124.463302899018,108.222504288239,90,-6.55355077307747,-2.72645799594063,-4.99631108916976
1.25,122.527272808273,130.743728420203,112.429415145488,90,-8.30212162076974,-4.96330356769217,-6.14904968331807
1.26,126.960672064263,136.511585212897,116.151304158971,90,-9.86139338436714,-7.08399891536889,-7.1509648611566
1.27,130.786212478054,141.714759118783,119.373119485212,90,-11.2192152502465,-9.06829200474074,-7.99878861436756
1.28,133.980783604509,146.308890935508,122.086928521731,90,-12.3666321151243,-10.8980047464985,-8.69138736201996
1.29,136.530616503073,150.257686092206,124.291593465297,90,-13.29787011525,-12.5571878029124,-9.22964865153978
1.3,138.431068845098,153.533112775103,125.99237837875,90,-14.0102777359305,-14.0322423257333,-9.61634845585076
1.31,139.68629254262,156.115493208656,127.200497624748,90,-14.5042260643898,-15.312009304686,-9.856002157642
1.32,140.308795196588,157.993492784521,127.932615454297,90,-14.7829718990516,-16.3878272345565,-9.95470226160759
1.33,140.318907092649,159.164011977337,128.21030640977,90,-14.8524875919475,-17.2535589201867,-9.91994580993031
1.34,139.744165869586,159.631986391583,128.059486003341,90,-14.7212616546516,-17.9055884023113,-9.76045439115447
1.35,138.618631303174,159.410100773898,127.50982085625,90,-14.4000742857553,-18.3427891808612,-9.48598952604195
1.36,136.982142856354,158.518423346614,126.594127131228,90,-13.9017520686757,-18.566465119685,-9.10716608576948
1.37,134.87953272638,156.983967331868,125.34776566259,90,-13.2409061357567,-18.5802656254368,-8.63526624878774
1.38,132.35980706097,154.840187013076,123.808041691305,90,-12.4336580944525,-18.390076894553,-8.08205633452644
1.39,129.475307815145,152.126416101278,122.013616553261,90,-11.4973579624126,-18.003891209027,-7.45960866716073
1.4,126.280867380086,148.887256523469,120.003938056434,90,-10.450298260867,-17.431656429065,-6.78013042349477
1.41,122.832967640665,145.171926018497,117.818695626224,90,-9.31142827151914,-16.6851079749839,-6.05580120854333
1.42,119.188914518034,141.033573107043,115.497305607724,90,-8.10007227398427,-15.7775857092745,-5.29862088359142
1.43,115.406038338898,136.528568092186,113.078431399076,90,-6.83565535224891,-14.7238382208357,-4.520268947406
1.44,111.540929556686,131.715778744708,110.59954236138,90,-5.53744009391819,-13.5398170759284,-3.73197654483989
1.45,107.648718445931,126.655839233401,108.096514717482,90,-4.22427720987191,-12.2424636339381,-2.94441195118355
1.46,103.782406414912,121.410420677472,105.603276923634,90,-2.91437277941494,-10.849491030629,-2.16758015801706
1.47,99.9922555485408,116.041511429246,103.151501283247,90,-1.62507448234662,-9.37916390770074,-1.4107369695437
1.48,96.3252419195293,110.610714845666,100.770342878781,90,-0.372678819962137,-7.85007841602554,-0.682317809785699
1.49,92.8245771068297,105.178571882169,98.4862262335605,90,0.827739042776689,-6.2809449421615,0.0101187573002843
1.5,89.5293012518161,99.8039153490943,96.3226794866416,90,1.96247155648669,-4.69037590514745,0.659932978920033
1.51,86.4739498796333,94.5432621160542,94.3002152763068,90,3.01930030531153,-3.09668084497988,1.26143169234173
1.52,83.6882956300021,89.4502489414078,92.4362569864532,90,3.98759225048929,-1.51767087757077,1.80988244558733
1.53,81.1971649919593,84.5751169504838,90.7451085188497,90,4.85837054633988,0.0295255743985534,2.30151461517839
1.54,79.0203291329939,79.9642490958893,89.2379653162444,90,5.62436012126999,1.52863404711071,2.73350830055566
1.55,77.1724669661093,75.6597642149213,87.922963978808,90,6.28000854413697,2.96439076584031,3.10397188169389
1.56,75.6631977185314,71.6991705615164,86.8052674908678,90,6.82148300245295,4.32268351495485,3.41190921560011
1.57,74.49717946181,68.1150809421057,85.8871828069347,90,7.24664450033764,5.59067553865161,3.6571775187708
1.58,73.6742693422289,64.9349908348195,85.1683073355324,90,7.5550006382026,6.75691158523629,3.84043703647766
1.59,73.1897406186263,62.1811201281162,84.6457007054433,90,7.74763856071013,7.81140543300056,3.96309363634633
1.6,73.0345510763829,59.870318386189,84.3140781001814,90,7.82713985292621,8.74570846180656,4.02723548367706
1.61,73.1956569444266,58.0140328421209,84.1660214006769,90,7.79747932559671,9.55295905879156,4.0355649600917
1.62,73.6563660982297,56.6183376429565,84.1922043806391,90,7.66390975842219,10.2279128667159,3.99132697629447
1.63,74.396724086118,55.6840222303028,84.3816282507499,90,7.43283476486221,10.7669540970574,3.89823480505141
1.64,75.393926367664,55.2067361418648,84.7218639431655,90,7.11167200359253,11.1680883348158,3.76039452308657
1.65,76.6227500991283,55.1771869688947,85.199297662924,90,6.7087089909252,11.4309174560956,3.58222910171042
1.66,78.055998838335,55.5813877066331,85.7993764036204,90,6.23295376634215,11.5565974610422,3.36840312695663
1.67,79.664953665432,56.4009492934703,86.5068503267861,90,5.69398263121739,11.5477801919437,3.12374906217328
1.68,81.4198244211758,57.6134137530256,87.3060091333377,90,5.10178712057635,11.4085400578433,2.85319589078774
1.69,83.2901950443324,59.1926230341485,88.1809098066987,90,4.4666222814237,11.1442870215927,2.56170089574311
1.7,85.2454573374207,61.1091183887186,89.1155933762181,90,3.7988582210799,10.7616672219151,2.25418524628072
1.71,87.2552278976977,63.3305649370483,90.0942886318194,90,3.10883675763205,10.2684527009509,1.93547397368335
1.72,89.2897434098649,65.8221959458861,91.1016010120418,90,2.40673485472446,9.6734217864001,1.61024082662051
1.73,91.3202300000324,68.5472712839687,92.1226851835468,90,1.70243635731724,8.98623173641825,1.28295840511708
1.74,93.3192428883496,71.4675445235505,93.1434001267434,90,1.005413366634,8.21728529479777,0.957853881096831
1.75,95.2609731416908,74.5437332214642,94.1504458356339,90,0.324618404254521,7.37759282380064,0.638870524050698
1.76,97.1215189091738,77.7359870374947,95.1314810267941,90,-0.331611679866831,6.47863168265152,0.329635163673569
1.77,98.8791191135734,81.00434852808,96.0752215293464,90,-0.955639299851176,5.53220450170906,0.0334316382343913
1.78,100.514348162602,84.3092016859274,96.9715192919684,90,-1.54059667154909,4.55029796645011,-0.246819801178969
1.79,102.010270827662,87.6117035769387,97.8114221918504,90,-2.08044293892041,3.54494367255123,-0.508577233845047
1.8,103.35255700659,90.8741947503178,98.5872150618457,90,-2.57000772731343,2.5280825446192,-0.749686130986149
1.81,104.529556634156,94.0605844609989,99.2924425640161,90,-3.00502114992494,1.51143422773925,-0.968382968065707
1.82,105.532335523375,97.1367071403978,99.9219147288447,90,-3.38213047307238,0.506372764334153,-1.16329367481731
1.83,106.354673406317,100.070646976527,100.471696148448,90,-3.6989038145028,-0.476190239672663,-1.33342725773524
1.84,106.993025890127,102.833027912183,100.939079958359,90,-3.95382140503386,-1.42591387416512,-1.47816497033121
1.85,107.446452448147,105.397266834525,101.322547865443,90,-4.14625508585078,-2.33312665179955,-1.59724543981684
1.86,107.716512923887,107.739788205276,101.621717579064,90,-4.27643684050347,-3.18891487919177,-1.69074618502538
1.87,107.807135334465,109.8401988623,101.837279078992,90,-4.34541727105696,-3.98519998853427,-1.75906197944867
1.88,107.724458018016,111.681422204941,101.970921207098,90,-4.35501502120277,-4.71480428904751,-1.80288052542772
1.89,107.476649375406,113.249791451872,102.025250101391,90,-4.30775822495691,-5.37150474271443,-1.82315591106605
1.9,107.073708609879,114.535102126104,102.003701001348,90,-4.20681911762662,-5.95007451397066,-1.82108032066787
1.91,106.527250969357,115.530624372358,101.91044494392,90,-4.05594298604092,-6.4463121867959,-1.79805446283365
1.92,105.85028104598,116.23307614269,101.750291841427,90,-3.85937265786753,-6.8570586834151,-1.75565716821719
1.93,105.056957687739,116.642558692723,101.528591387213,90,-3.62176973565657,-7.18020205508556,-1.69561459184829
1.94,104.162354029956,116.762456209393,101.251133174171,90,-3.34813377074304,-7.41467044583018,-1.6197694333727
1.95,103.182216062605,116.599301738266,100.924047336594,90,-3.04372054617504,-7.5604136531935,-1.53005056310035
1.96,102.132723016296,116.162611891269,100.553706939209,90,-2.71396059745019,-7.61837382498023,-1.42844341294491
1.97,101.030252678772,115.464693091672,100.146633240483,90,-2.36437904622059,-7.59044593644729,-1.31696145974972
1.98,99.8911545489968,114.520422350283,99.7094048521176,90,-2.00051775657427,-7.47942878765527,-1.1976190946975
1.99,98.7315335015106,113.347005763648,99.2485717050649,90,-1.62786074742447,-7.2889673448819,-1.07240613705454
2,97.5670463742175,111.96371808043,98.7705746160591,90,-1.25176370942133,-7.02348732254089,-0.943264213954086
2.01,96.412713612699,110.391626795733,98.2816711294165,90,-0.87738838218287,-6.68812296246492,-0.812065190806572
2.02,95.2827478081546,108.653304304736,97.7878681883631,90,-0.509642449091976,-6.28863901538244,-0.680591799740521
2.03,94.1904006588381,106.772531677069,97.2948620699998,90,-0.15312550400249,-5.8313479647717,-0.550520576701388
2.04,93.1478295709685,104.773997602902,96.8079858997228,90,0.18791846149378,-5.32302355598609,-0.423407181905822
2.05,92.1659847990259,102.682996011808,96.3321649458467,90,0.509641708533325,-4.77081170372942,-0.300674143668769
2.06,91.2545177114187,100.525125778007,95.871879784604,90,0.808626304194039,-4.18213984886861,-0.183601032551985
2.07,90.4217104597943,98.3259958025973,95.4311373207239,90,1.08191044754968,-3.56462582158839,-0.0733170416447566
2.08,89.6744270326085,96.1109386072001,95.0134495504208,90,1.32700754077528,-2.92598724252014,0.0292040801436054
2.09,89.0180853894685,93.9047353868876,94.6218198626879,90,1.54191807543448,-2.27395245733152,0.123146821393627
2.1,88.4566501054054,91.7313552562297,94.2587365919838,90,1.72513449668983,-1.61617395406306,0.20785453157222
2.11,87.9926447064357,89.6137111840161,93.926173461274,90,1.87563929447882,-0.960145157051842,0.282827999105363
2.12,87.6271826519533,87.5734348530271,93.6255964893531,90,1.99289664982464,-0.313121427479992,0.347722126958595
2.13,87.3600157176939,85.6306724046604,93.3579768806918,90,2.07683803566615,0.317953970617373,0.402340863880414
2.14,87.1895983568341,83.8039027378634,93.1238093698545,90,2.12784223430263,0.926518257641963,0.446630561853085
2.15,87.1131664674444,82.1097797313071,92.9231354558347,90,2.14671028729857,1.50645128070613,0.480671939772902
2.16,87.1268288727892,80.5629994507283,92.7555709343267,90,2.13463593816701,2.05213089976069,0.504670840006016
2.17,87.2256697272508,79.1761930934763,92.6203371177746,90,2.09317216316865,2.55848119678834,0.518947968326762
2.18,87.4038599949402,77.9598461130637,92.5162951236863,90,2.02419441108415,3.02101317967297,0.523927808962992
2.19,87.6547761099801,76.922243661386,92.4419826107414,90,1.92986118892242,3.4358577457194,0.520126905193198
2.2,87.9711239162591,76.0694421885079,92.3956523491669,90,1.81257263742615,3.79979076305795,0.508141692331811
2.21,88.3450659991293,75.4052667526456,92.3753120261285,90,1.67492773824465,4.11025022028554,0.4886360641898
2.22,88.7683505606813,74.9313333190793,92.3787647078593,90,1.51968078418935,4.36534548467489,0.462328846410842
2.23,89.2324400522772,74.6470950689007,92.4036494072505,90,1.34969772558505,4.56385879618459,0.42998134067442
2.24,89.7286378611014,74.5499114991217,92.4474812379512,90,1.1679129799816,4.7052392074446,0.392385092850116
2.25,90.2482114495479,74.6351388768899,92.5076906729291,90,0.977287260066952,4.78958925806444,0.350350026011652
2.26,90.7825104651003,74.8962404142115,92.5816614661891,90,0.780766936254854,4.81764474428182,0.304693066005851
2.27,91.3230784716399,75.3249143572016,92.6667668401824,90,0.581245406884217,4.79074801148731,0.256227373251416
2.28,91.8617570984162,75.9112380367016,92.7604035876206,90,0.381526901075566,4.71081525696282,0.205752279841271
2.29,92.3907815577601,76.6438258060161,92.8600237842091,90,0.184293087874028,4.58029838278779,0.154044016060489
2.3,92.902866644523,77.5099986971309,92.9631638575359,90,-0.00792718878802312,4.40214198391858,0.101847295320436
2.31,93.3912824967125,78.4959635593387,93.0674708063145,90,-0.192784785712308,4.17973609365304,0.0498678114489527
2.32,93.8499195654406,79.5869994036987,93.170725412755,90,-0.368133539992732,3.91686533786625,-0.00123431254673079
2.33,94.2733424107666,80.767648662842,93.270862338438,90,-0.532049803020422,3.61765517045525,-0.0508500995401532
2.34,94.6568321060568,82.0219110876995,93.3659870401383,90,-0.682848136040866,3.2865158753616,-0.0984263063095207
2.35,94.9964171950041,83.3334380398638,93.4543894861174,90,-0.819093129671327,2.92808502544448,-0.143469026802907
2.36,95.2888933004927,84.6857249993691,93.5345546950245,90,-0.939607363119047,2.54716908553278,-0.185546325228439
2.37,95.5318316312842,86.0623001912911,93.6051701583473,90,-1.04347556957935,2.14868483645552,-0.224289924923718
2.38,95.7235767694558,87.4469073391468,93.6651302430203,90,-1.13004512187782,1.7376012790735,-0.259395989307091
2.39,95.8632342472466,88.8236806768288,93.7135377030606,90,-1.19892299635857,1.31888265272351,-0.290625040471325
2.4,95.9506485353034,90.1773104918025,93.7497024577697,90,-1.24996941288961,0.897433171511938,-0.317801069097045
2.41,95.9863721642877,91.493197628445,93.7731378189652,90,-1.28328838430558,0.478044045090723,-0.340809896306379
2.42,95.9716267876973,92.7575955495299,93.7835543708041,90,-1.29921543936489,0.0653433084950393,-0.359596853830325
2.43,95.9082570650353,93.9577387336941,93.7808517229984,90,-1.29830280915992,-0.336251061057376,-0.374163853426303
2.44,95.7986783008424,95.0819563749434,93.7651083716165,90,-1.28130238776223,-0.722574313155487,-0.384565919870448
2.45,95.6458188165017,96.1197705445113,93.7365699112832,90,-1.24914679365385,-1.08975400566162,-0.390907264090951
2.46,95.4530580582509,97.0619781733424,93.6956358485388,90,-1.20292886920902,-1.43424468187396,-0.393336974146242
2.47,95.2241614568074,97.9007164128096,93.642845268548,90,-1.14387996123068,-1.75285788501693,-0.392044401837632
2.48,94.9632130519101,98.6295111297192,93.5788616064438,90,-1.0733473264585,-2.04278731128213,-0.387254321843714
2.49,94.6745468795801,99.2433084870346,93.5044567705624,90,-0.992771002253793,-2.30162896271097,-0.379221938444816
2.5,94.3626780917864,99.7384897519566,93.4204948579235,90,-0.903660474587707,-2.52739622107146,-0.3682278122491
2.51,94.0322347384295,100.112869656066,93.3279156927875,90,-0.807571463315483,-2.71852982287407,-0.354572775922436
2.52,93.6878910911652,100.365678806332,93.2277184072606,90,-0.706083128854079,-2.8739027731625,-0.338572903850572
2.53,93.3343033287307,100.497530809231,93.1209452690251,90,-0.600775985172155,-2.99282029110561,-0.320554596016935
2.54,92.9760483353309,100.510374921502,93.0086659456201,90,-0.493210781854478,-3.07501493315117,-0.300849831255669
2.55,92.6175662885648,100.407435178827,92.8919623776222,90,-0.384908593344417,-3.12063708906844,-0.279791639531702
2.56,92.2631076326355,100.193137076873,92.7719144148517,90,-0.277332326738926,-3.13024109214515,-0.257709837100434
2.57,91.9166849475219,99.8730229866642,92.649586350682,90,-0.171869831159078,-3.10476722670711,-0.234927062400375
2.58,91.5820301367199,99.4536575774704,92.5260144699264,90,-0.0698187621962508,-3.04551995364766,-0.211755144420508
2.59,91.2625572663965,98.9425245947137,92.4021957059209,90,0.0276266753151313,-2.95414270749648,-0.18849182914478
2.6,90.9613312986124,98.3479163975409,92.2790774825624,90,0.119387013486636,-2.83258964649511,-0.16541788358774
2.61,90.6810428718777,97.678817700462,92.1575487974603,90,0.204506774225004,-2.68309476000977,-0.142794590972215
2.62,90.4239891948672,96.9447849859573,92.0384325832458,90,0.282161656320659,-2.50813875529471,-0.120861644829485
2.63,90.1920610347188,96.1558230604128,91.9224793656656,90,0.351663653332147,-2.31041415807499,-0.0998354442859286
2.64,89.986735700946,95.3222602146116,91.8103622195612,90,0.412464126551099,-2.09278906866005,-0.0799077875918395
2.65,89.8090758505277,94.4546234228934,91.7026730073625,90,0.464154883497474,-1.85827001740028,-0.0612449560949402
2.66,89.659733869957,93.5635149727622,91.5999198694533,90,0.506467336718069,-1.60996436038444,-0.0439871764027817
2.67,89.5389615266308,92.6594918600944,91.5025259218158,90,0.539269839901075,-1.35104264852592,-0.0282484444469703
2.68,89.4466245254902,91.7529492152245,91.4108291038223,90,0.56256331827225,-1.08470139082744,-0.014116691582806
2.69,89.3822215577274,90.8540089432261,91.325083107996,90,0.576475327740776,-0.814126615920225,-0.00165426974814153
2.7,89.3449073869837,89.9724146689395,91.2454593140473,90,0.581252692190874,-0.542458615257363,0.00910126992423638
2.71,89.3335194849726,89.1174339750636,91.172049641543,90,0.577252880585479,-0.27275822695098,0.0181361327919142
2.72,89.3466077029829,88.2977688113543,91.104870229182,90,0.564934295115447,-0.00797499155868486,0.0254590001007015
2.73,89.3824664482075,87.5214748361197,91.0438658438234,90,0.544845648485643,0.249082519448622,0.0310995427003925
2.74,89.4391688242061,86.795890329263,90.9889149190978,90,0.517614612607253,0.495773934842011,0.0351067604147355
2.75,89.5146021927974,86.1275751906215,90.9398351215936,90,0.483935922528103,0.729651641776531,0.0375471786923013
2.76,89.6065046199959,85.5222604097683,90.8963893421658,90,0.444559118475522,0.948482474915134,0.0385029340378043
2.77,89.7125016808424,84.9848082652901,90.8582920107961,90,0.400276105534963,1.15026637827848,0.038069779206065
2.78,89.8301431166699,84.5191833842598,90.8252156355442,90,0.351908704893643,1.33325191997706,0.0363550382634567
2.79,89.9569388629461,84.1284346675873,90.7967974693655,90,0.300296362916846,1.49594857860951,0.0334755404173836
2.8,90.0903939957623,83.8146879654902,90.7726462128317,90,0.246284174789636,1.63713575851696,0.0295555600184038
2.81,90.2280421796448,83.579149270722,90.7523486659452,90,0.190711368259398,1.75586852884406,0.024724788388616
2.82,90.3674772379898,83.4221180865917,90.7354762481825,90,0.13440038037841,1.8514801180722,0.0191163611616426
2.83,90.506382509367,83.3430105232645,90.7215913125005,90,0.0781466463032125,1.9235812309784,0.0128649626720767
2.84,90.6425576974935,83.3403915803004,90.7102531861768,90,0.0227092043972153,1.97205628848349,0.00610502664373097
2.85,90.7739429691379,83.4120159866903,90.7010238789033,90,-0.0311977936544893,1.99705672226277,-0.00103094996608549
2.86,90.8986401018746,83.5548768925092,90.6934734063929,90,-0.0829125950342614,1.99899148501227,-0.00841396556814589
2.87,91.0149305317704,83.7652616392937,90.6871846857759,90,-0.131832323878693,1.97851496364028,-0.0159199330815646
2.88,91.121290199101,84.0388137798245,90.6817579671424,90,-0.177418385158231,1.93651250616918,-0.0234309501949158
2.89,91.2164011374179,84.3706004724748,90.676814773622,90,-0.219200770352322,1.87408379360852,-0.0308364137867939
2.9,91.2991597971251,84.7551843408552,90.6720013302882,90,-0.256781256629903,1.79252430535661,-0.038033973938814
2.91,91.3686821386398,85.1866988662179,90.6669914698371,90,-0.289835506360804,1.6933051407048,-0.0449303252800357
2.92,91.4243055716864,85.6589263678949,90.6614890103359,90,-0.318114088132602,1.5780514696951,-0.0514418355955234
2.93,91.465587855885,86.1653776257627,90.6552296072943,90,-0.341442453873105,1.44851989389659,-0.0574950136924704
2.94,91.4923031131366,86.6993722080393,90.6479820888165,90,-0.35971991904297,1.30657500163569,-0.0630268204269931
2.95,91.5044351340705,87.2541185872139,90.6395492885884,90,-0.372917704048861,1.15416540289297,-0.067984828538498
2.96,91.5021681887308,87.8227931560717,90.6297683968974,90,-0.381076104938587,0.993299526554147,-0.0723272385044685
2.97,91.4858755755433,88.3986172940018,90.6185108547415,90,-0.384300870000653,0.82602145709554,-0.0760227590077673
2.98,91.4561061622808,88.9749316803632,90.605681820323,90,-0.382758866048042,0.654387079249249,-0.0790503617949358
2.99,91.413569188164,89.5452671058816,90.5912192408421,90,-0.376673123886898,0.480440787909362,-0.0813989216944034
3,91.3591176073764,90.103411094021,90.5750925654772,90,-0.366317356743484,0.306193006715382,-0.0830667533574447
3.01,91.2937302611815,90.6434697111421,90.557301137787,90,-0.352010048254644,0.133598742610653,-0.084061056883873
3.02,91.2184931686023,91.1599240161117,90.5378723074789,90,-0.334108208045134,-0.0354626145304446,-0.08439728490357
3.03,91.1345802244108,91.647680675906,90.5168593026017,90,-0.313000892963539,-0.19920605811839,-0.0840984439100156
3.04,91.043233588163,92.1021163527023,90.4943389037338,90,-0.28910259078782,-0.355958129351309,-0.0831943426917159
3.05,90.9457440394545,92.5191155489971,90.4704089617071,90,-0.262846560717175,-0.504172335221177,-0.0817208005917086
3.06,90.8434315627173,92.8951016794669,90.4451857998428,90,-0.234678221327077,-0.64244269896353,-0.079718828055849
3.07,90.7376264100529,93.2270612206418,90.418801540634,90,-0.205048671978853,-0.769515346272274,-0.0772337915200337
3.08,90.6296508731166,93.5125608710793,90.3914013953248,90,-0.174408428053352,-0.884298055349494,-0.0743145741487641
3.09,90.5208019752964,93.7497577347012,90.3631409529562,90,-0.143201443936411,-0.985867723688157,-0.0710127432870538
3.1,90.4123352737184,93.9374026174604,90.3341835032231,90,-0.111859490545056,-1.07347572911403,-0.0673817347396871
3.11,90.3054499373559,94.0748366017343,90.3046974249585,90,-0.0807969464734518,-1.14655118677267,-0.0634760631616946
3.12,90.2012752430753,94.16198113307,90.2748536692923,90,-0.050406053685129,-1.20470212718252,-0.0593505669471816
3.13,90.1008586062212,94.1993219194613,90.2448233635568,90,-0.0210526802111904,-1.24771464294463,-0.0550596950555123
3.14,90.0051552366788,94.1878870036289,90.2147755588962,90,0.00692737633992419,-1.27555007298214,-0.050656842229799
3.15,89.9150194856269,94.1292194232818,90.1848751413155,90,0.033231519373401,-1.28834031307408,-0.0461937380569001
3.16,89.8311979227498,94.0253449226194,90.1552809226341,90,0.057592901574531,-1.28638135976786,-0.0417198943050351
3.17,89.7543241588369,93.8787352200328,90.1261439245301,90,0.0797823829196713,-1.2701252113441,-0.037282113967759
3.18,89.6849154047733,93.6922673718116,90.0976058656129,90,0.099609898720927,-1.24017026423179,-0.0329240644538701
3.19,89.6233707351875,93.4691797994643,90.069797858291,90,0.116925245842701,-1.19725035602103,-0.0286859164032174
3.2,89.5699710037223,93.213025568916,90.0428393191333,90,0.13161830261794,-1.14222261691042,-0.024604048688565
3.21,89.5248803372593,92.9276235233334,90.0168370934997,90,0.143618704844434,-1.07605429999738,-0.0207108192930721
3.22,89.4881491186275,92.6170078777019,89.9918847924587,90,0.152895006489383,-0.999808767238306,-0.0170344009393071
3.23,89.4597183515428,92.2853768826812,89.9680623374488,90,0.15945335931771,-0.914630812163378,-0.0135986795959967
3.24,89.4394252878459,91.937041157906,89.9454357057885,90,0.163335750541034,-0.82173150254237,-0.0104232133084286
3.25,89.4270101856519,91.5763722810503,89.9240568680252,90,0.164617841726559,-0.722372726203856,-0.00752324819200023
3.26,89.4221240578208,91.2077521989917,89.9039639062341,90,0.163406455586104,-0.61785162117057,-0.00490978789881812
3.27,89.4243372632503,90.8355240016876,89.8851813007571,90,0.159836759874029,-0.509485067271966,-0.00258971241682961
3.28,89.433148788847,90.4639445683727,89.8677203715066,90,0.154069199458837,-0.398594410532753,-0.000565941690146413
3.29,89.4479960676344,90.0971395598988,89.8515798588494,90,0.146286228706595,-0.286490584033257,0.00116236074177362
3.3,89.4682651782131,89.7390611910097,89.8367466282376,90,0.136688896644992,-0.174459779729579,0.00259954910104382
3.31,89.493301272629,89.3934491726409,89.8231964821548,90,0.12549333699352,-0.0637498150584848,0.00375322687561393
3.32,89.5224190834936,89.0637951675565,89.8108950625914,90,0.112927214084966,0.0444426738050891,0.00463395368488013
3.33,89.5549133668147,88.7533110533891,89.7997988271432,90,0.0992261740105261,0.148984093249202,0.00525493271380031
3.34,89.5900691442636,88.4649012360646,89.7898560819274,90,0.0846303480463395,0.248814703319252,0.00563168385040518
3.35,89.6271716173727,88.201139204283,89.7810080548188,90,0.0693809526191139,0.34295828862265,0.00578170752873054
3.36,89.6655156362238,87.9642484628232,89.773189993003,90,0.0537170268039649,0.430530614416068,0.00572414409147268
3.37,89.7044146163766,87.7560879295373,89.7663322695155,90,0.0378723446825541,0.510746608987009,0.00547943324927411
3.38,89.7432088098855,87.5781418286037,89.7603614842543,90,0.0220725358909953,0.58292622937829,0.00506897793303292
3.39,89.7812728490701,87.4315140614685,89.75520154591,90,0.00653244342297948,0.646498983454617,0.00451481651783191
3.4,89.8180224950304,87.3169269874722,89.7507747223255,90,-0.00854625670723813,0.701007097096516,0.00383930704842689
3.41,89.8529205365339,87.2347244989287,89.7470026479571,90,-0.0229771539265526,0.746107330756682,0.00306482672297137
3.42,89.8854817986553,87.184879230854,89.743807278342,90,-0.0365909043249691,0.781571464565182,0.00221348950009426
3.43,89.9152772342275,87.167003704068,89.7411117827638,90,-0.0492367239209799,0.80728548547017,0.00130688429044495
3.44,89.9419370845876,87.1803651623683,89.7388413676221,90,-0.0607835678364264,0.823247523409509,0.000365835783565305
3.45,89.9651531091108,87.2239038302358,89.7369240243503,90,-0.0711209937065994,0.829564596098181,-0.000589810450383713
3.46,89.984679895454,87.2962542873482,89.7352911970481,90,-0.080159711934015,0.826448233573049,-0.00154137735128151
3.47,90.0003352741494,87.3957696302611,89.7338783663092,90,-0.0878318294508433,0.814209064061358,-0.00247151941697318
3.48,90.0119998720667,87.5205480701407,89.7326255469962,90,-0.0940907974413571,0.793250451949448,-0.00336435895717131
3.49,90.0196158491952,87.6684615985008,89.7314776989367,90,-0.0989110769535884,0.764061286555741,-0.00420559546819992
3.5,90.0231848720917,87.8371863405661,89.7303850506813,90,-0.102287539466214,0.727208027006465,-0.00498258838830669
3.51,90.022765385129,88.0242342081654,89.7293033375503,90,-0.104234622245906,0.683326113739042,-0.00568441381380225
3.52,90.0184692473037,88.2269854608889,89.7281939562044,90,-0.104785260711378,0.63311086099815,-0.00630189604991061
3.53,90.0104578077873,88.442721785539,89.7270240388933,90,-0.103989621999002,0.577307947140958,-0.00682761513485884
3.54,89.9989374976149,88.6686595095153,89.7257664513574,90,-0.101913665492641,0.516703620643991,-0.00725589170984702
3.55,89.9841550178889,88.9019825735057,89.7243997190803,90,-0.0986375572346534,0.452114739432818,-0.00758275081007143
3.56,89.9663922066669,89.1398749024907,89.722907887205,90,-0.0942539658791013,0.384378759579557,-0.00780586632205947
3.57,89.9459606673027,89.3795518313297,89.7212803199453,90,-0.0888662681903996,0.314343786587878,-0.00792448799048684
3.58,89.9231962404976,89.6182902617925,89.719511445727,90,-0.0825866920444154,0.242858798478626,-0.00793935296306498
3.59,89.8984534007169,89.8534572515003,89.7176004546002,90,-0.0755344244721931,0.170764144780817,-0.00785258393614868
3.6,89.8720996550353,90.0825367614943,89.7155509546688,90,-0.0678337115214387,0.0988824194116864,-0.0076675760070654
3.61,89.844510018949,90.3031543176855,89.7133705943858,90,-0.0596119756231053,0.0280097983934452,-0.00738887435333741
3.62,89.8160616393377,90.5130993718751,89.7110706575785,90,-0.0509979747690474,-0.0410920744909044,-0.00702204484538179
3.63,89.7871286296585,90.7103451799735,89.7086656379912,90,-0.0421200261631136,-0.107703579544192,-0.00657353966002272
3.64,89.7580771767201,90.8930660480826,89.7061727999776,90,-0.0331043151359068,-0.171153925071959,-0.00605055989903562
3.65,89.7292609721101,91.0596518308529,89.7036117317449,90,-0.0240733080480422,-0.230827207527324,-0.00546091713245763
3.66,89.7010170146516,91.208719600566,89.7010038972542,90,-0.0151442856839242,-0.286167681974731,-0.0048128956827664
3.67,89.6736618232468,91.3391224393611,89.6983721925253,90,-0.00642801129493205,-0.336684207118698,-0.00411511734576156
3.68,89.6474880922394,91.449955340519,89.6957405116881,90,0.00197245497638343,-0.381953839401306,-0.00337641010963565
3.69,89.622761814089,91.5405582373987,89.6931333276718,90,0.00996278603448947,-0.421624560914748,-0.00260568228787771
3.7,89.5997198868221,91.6105162101365,89.6905752919405,90,0.0174582553625861,-0.455417135988647,-0.00181180332675914
3.71,89.5785682164764,91.6596569502545,89.6880908571714,90,0.0243844378458429,-0.483126101187363,-0.00100349238683482
3.72,89.5594803177077,91.6880455915885,89.6857039262468,90,0.0306777419979109,-0.504619902986443,-0.000189215632490261
3.73,89.5425964089432,91.6959770421743,89.6834375303887,90,0.036285774033642,-0.519840206493621,0.000622907003487019
3.74,89.5280229920409,91.6839659756908,89.6813135387267,90,0.0411675364519488,-0.52880040714934,0.00142518497998451
3.75,89.5158329004036,91.6527346625455,89.6793524010503,90,0.045293465878995,-0.531583385304698,0.00221042979589046
3.76,89.5060657939708,91.6031988395421,89.6775729249717,90,0.0486453168515913,-0.528338550859494,0.00297201684979544
3.77,89.4987290745238,91.5364518331457,89.6759920882122,90,0.0512158999751334,-0.519278231688451,0.00370393638749698
3.78,89.4937991903212,91.453747164577,89.674624886243,90,0.0530086844540399,-0.504673465338254,0.00440083355914964
3.79,89.4912232952823,91.3564798752363,89.6734842150432,90,0.054037276353086,-0.48484925840034,0.00505803774423336
3.8,89.4909212247628,91.2461668182814,89.6725807883139,90,0.054324785096481,-0.460179382024314,0.00567158142853395
3.81,89.4927877474458,91.1244261665318,89.6719230880887,90,0.0539030916417214,-0.431080775213682,0.00623820903198929
3.82,89.4966950510017,90.9929563883166,89.6715173473243,90,0.0528120324750931,-0.398007629830302,0.00675537618894302
3.83,89.5024954179453,90.8535149414663,89.6713675627369,90,0.0510985140650166,-0.361445232626545,0.0072212400724098
3.84,89.5100240475335,90.7078969314856,89.6714755358734,90,0.0488155726820419,-0.321903640135483,0.00763464143103008
3.85,89.5191019795738,90.5579139731566,89.6718409401717,90,0.0460213945559843,-0.279911261899477,0.00799507907132823
3.86,89.5295390766267,90.4053734855599,89.6724614115738,90,0.0427783112000137,-0.236008426335298,0.00830267756863176
3.87,89.5411370222546,90.2520586389452,89.673332660105,90,0.0391517843997384,-0.190741001556916,0.00855814902780654
3.88,89.5536922946446,90.0997091582246,89.6744485997261,90,0.0352093948549093,-0.144654140750759,0.00876274974000512
3.89,89.5669990770836,89.9500031723193,89.6758014936984,90,0.0310198477876092,-0.0982862182746587,0.0089182325945379
3.9,89.5808520693214,89.8045402813859,89.6773821126737,90,0.0266520080095433,-0.0521630185896666,0.00902679610613049
3.91,89.5950491667919,89.6648259953329,89.6791799027302,90,0.0221739759901293,-0.00679223549735627,0.0090910309081471
3.92,89.6093939778935,89.532257677248,89.6811831606202,90,0.0176522154048674,0.0373416659874831,0.00911386454242716
3.93,89.6236981530244,89.4081121046547,89.6833792135688,90,0.013150741488989,0.0797821783751538,0.0090985053472732
3.94,89.6377835027497,89.2935347401646,89.6857546010702,90,0.00873037829438879,0.120105030232237,0.00904838620754274
3.95,89.6514838862995,89.1895307813334,89.6882952562574,90,0.00444809166761273,0.157921979904953,0.00896710888594837
3.96,89.6646468554981,89.0969580376314,89.6909866845729,90,0.00035640345294638,0.192884096256098,0.00885838960343833
3.97,89.6771350431482,89.0165216606495,89.6938141376437,90,-0.00349710890378001,0.224684504785893,0.00872600647996579
3.98,89.6888272887911,88.9487707322079,89.69676278045,90,-0.00707022449973836,0.253060584106049,0.0085737493861575
3.99,89.6996194985794,88.8940966941691,89.6998178500792,90,-0.0103264013205238,0.27779560431042,0.00840537269230478
4,89.7094252396876,88.8527335836663,89.7029648045662,90,-0.013235008504774,0.298719805261801,0.00822455133483002
4.01,89.7181760732043,88.8247600183741,89.7061894605403,90,-0.0157714694593586,0.315710919123669,0.00803484055277928
4.02,89.7258216327589,88.8101028585298,89.7094781186148,90,-0.0179173179028213,0.328694147542212,0.00783963957902691
4.03,89.7323294591989,88.8085424558411,89.712817675678,90,-0.0196601699822319,0.337641609666762,0.00764215950354651
4.04,89.7376846044241,88.8197193843288,89.7161957234603,90,-0.0209936165864474,0.342571282630065,0.00744539546005037
4.05,89.7418890199742,88.8431425346815,89.7196006329626,90,-0.0219170408578911,0.343545461142887,0.00725210322351504
4.06,89.7449607481375,88.8781984419377,89.7230216245365,90,-0.0224353666782382,0.340668767446099,0.00706478024497885
4.07,89.7469329351857,88.9241617063501,89.7264488235994,90,-0.0225587445650477,0.334085746969165,0.00688565109235554
4.08,89.7478526878328,88.9802063591802,89.7298733021526,90,-0.0223021819627437,0.323978088635265,0.00671665721219622
4.09,89.7477797951652,89.0454180189556,89.7332871064354,90,-0.0216851253402162,0.3105615118051,0.00655945087799551
4.1,89.7467853390834,89.1188066794132,89.7366832712079,90,-0.0207310018182023,0.294082364345213,0.00641539314584961
4.11,89.7449502167573,89.199319967939,89.7400558212892,90,-0.0194667282437048,0.274813978231292,0.0062855555986923
4.12,89.7423635987137,89.2858567127751,89.7433997611056,90,-0.0179221957086664,0.253052830447136,0.00617072562571178
4.13,89.7391213459802,89.3772806585421,89.7467110531023,90,-0.0161297374798634,0.229114557717712,0.00607141495442624
4.14,89.7353244092068,89.4724341726575,89.7499865859687,90,-0.0141235881719202,0.20332987382804,0.00598787112899411
4.15,89.7310772319027,89.5701517899323,89.7532241336898,90,-0.011939341762043,0.176040437942529,0.0059200916098523
4.16,89.7264861788795,89.6692734488973,89.7564223064969,90,-0.00961341572078293,0.147594721471761,0.0058678401564953
4.17,89.7216580097172,89.7686572811259,89.7595804948231,90,-0.00718252812658737,0.118343919660739,0.00583066514693462
4.18,89.7166984155795,89.8671918238689,89.7626988073937,90,-0.00468319415182246,0.0886379522244604,0.00580791948417169
4.19,89.7117106360432,89.9638075365368,89.7657780045825,90,-0.0021512477643511,0.058821595067629,0.00579878174121629
4.2,89.7067941707972,90.0574875128294,89.7688194281602,90,0.000378606108514784,0.0292307824341258,0.00580227820186836
4.21,89.7020435991338,90.1472772924489,89.771824928534,90,0.00287320434731926,0.000189115780048443,0.0058173054640667
4.22,89.6975475181465,90.2322936891914,89.7747967905454,90,0.00530129940587391,-0.0279953877036319,0.00584265328585476
4.23,89.6933876084729,90.3117325656199,89.7777376588428,90,0.00763389083715548,-0.0550332776295107,0.00587702737048997
4.24,89.689637834332,90.3848754983197,89.7806504637928,90,0.0098445120497137,-0.0806563585815261,0.00591907180649746
4.25,89.6863637825095,90.4510952917543,89.7835383488245,90,0.0119094704742234,-0.104620062508882,0.00596739090022389
4.26,89.6836221428876,90.5098603128212,89.7864046000311,90,0.0138080400220932,-0.126705488092825,0.00602057016214202
4.27,89.6814603311129,90.5607376321795,89.7892525787735,90,0.0155226054037544,-0.146721094054018,0.006077196233386
4.28,89.6799162520744,90.6033949721521,89.7920856579457,90,0.0170387585351036,-0.164504037611635,0.00613587556550053
4.29,89.6790182010475,90.6376014743272,89.7949071624789,90,0.0183453478888322,-0.179921153522586,0.006195251693519
4.3,89.6787848976659,90.6632273127747,89.7977203145677,90,0.0194344822361587,-0.192869573274537,0.00625402097002773
4.31,89.6792256463287,90.6802421909241,89.8005281840157,90,0.0203014907676198,-0.203276988035246,0.00631094665545863
4.32,89.6803406152506,90.688712771493,89.8033336440099,90,0.0209448420740525,-0.211101562831587,0.00636487128692838
4.33,89.6821212251321,90.6887990993254,89.8061393325411,90,0.0213660249061735,-0.216331513106159,0.00641472727455008
4.34,89.6845506373668,90.6807500864901,89.808947619608,90,0.0215693940100813,-0.218984358241889,0.0064595456995966
4.35,89.6876043308288,90.6648981374276,89.8117605802586,90,0.0215619846540374,-0.219105869824371,0.00649846331320471
4.36,89.6912507555913,90.6416529992608,89.8145799734454,90,0.0213532997174914,-0.216768735299515,0.00653072775715465
4.37,89.695452051424,90.6114949285483,89.8174072266003,90,0.0209550734059615,-0.21207096025727,0.00655570104937145
4.38,89.7001648185962,90.5749672707165,89.8202434257668,90,0.0203810157851866,-0.205134034810637,0.00657286139618335
4.39,89.7053409283721,90.5326685521571,89.8230893110686,90,0.0196465423961901,-0.196100891428131,0.00658180341068459
4.4,89.7109283606226,90.4852441874879,89.8259452772381,90,0.0187684932212371,-0.185133683106207,0.00658223683186673
4.41,89.7168720561742,90.4333779057804,89.8288113788831,90,0.0177648452216252,-0.172411411929441,0.00657398385237484
4.42,89.7231147718763,90.37778299966,89.8316873401275,90,0.0166544225654172,-0.15812743885821,0.00655697517371722
4.43,89.7295979268677,90.3191935001244,89.8345725682311,90,0.0154566085097664,-0.142486906008327,0.00653124491661292
4.44,89.7362624291548,90.2583553777521,89.8374661707659,90,0.0141910627033812,-0.125704102750197,0.00649692452079341
4.45,89.7430494723631,90.1960178677369,89.8403669759077,90,0.0128774474340319,-0.10799980666702,0.00645423577321954
4.46,89.7499012933755,90.1329250119537,89.8432735553899,90,0.011535166069336,-0.0895986297850833,0.00640348310615386
4.47,89.7567618825052,90.0698075061166,89.8461842496594,90,0.0101831166313174,-0.0707263995419584,0.00634504530710534
4.48,89.7635776388589,90.0073749341134,89.8490971947754,90,0.00883946311220238,-0.0516076027096461,0.00627936678152513
4.49,89.770297964602,89.9463084648781,89.8520103505982,90,0.00752142678588401,-0.0324629189627499,0.00620694850606111
4.5,89.7768757929362,89.8872540798009,89.8549215298268,90,0.00624509940231658,-0.0135068690012997,0.00612833880577064
4.51,89.7832680457116,89.8308163907662,89.8578284274577,90,0.00502527977612774,0.00505439986847087,0.0060441240827248
4.52,89.7894360177182,89.7775531005611,89.8607286502634,90,0.00387533490140246,0.0230251699954596,0.00595491961631145
4.53,89.7953456858087,89.7279701487154,89.8636197459066,90,0.00280708634720871,0.0402220331573475,0.00586136054725195
4.54,89.800967942091,89.6825175769259,89.8664992313414,90,0.00183072231780672,0.0564755780220379,0.00576409314820929
4.55,89.8062787514722,89.6415861391881,89.8693646201767,90,0.000954735402287334,0.0716318720812818,0.00566376647398991
4.56,89.8112592348334,89.605504672713,89.8722134487144,90,0.000185885695017117,0.085553727520904,0.00556102447381044
4.57,89.8158956800472,89.574538236744,89.8750433004075,90,-0.00047081135568533,0.0981217432114906,0.00545649863728164
4.58,89.8201794839137,89.5488870176128,89.8778518285193,90,-0.00101207331390017,0.109235117730525,0.00535080123460001
4.59,89.8241070288721,89.5286859898672,89.8806367767999,90,-0.00143631655565698,0.118812231031283,0.00524451920028464
4.6,89.8276794990441,89.5140053151615,89.8833959980353,90,-0.00174360096603795,0.126790995025675,0.00513820869859397
4.61,89.8309026407679,89.5048514529049,89.8861274703567,90,-0.00193555521398996,0.133128975919681,0.0050323903978703
4.62,89.8337864732916,89.501168949472,89.8888293112349,90,-0.00201528446873937,0.137803293604647,0.00492754547039519
4.63,89.8363449557075,89.5028428661829,89.8914997891195,90,-0.00198726257231379,0.140810305741103,0.00482411232419201
4.64,89.8385956165152,89.509701800288,89.8941373327115,90,-0.00185721079983499,0.142165086351808,0.00472248406353095
4.65,89.8405591524199,89.521521447914,89.8967405378924,90,-0.0016319654226449,0.14190071074748,0.00462300666593176
4.66,89.8422590030831,89.5380286533679,89.8993081723588,90,-0.00131933633959009,0.140067360424807,0.00452597785510205
4.67,89.8437209085629,89.5589058853947,89.9018391780379,90,-0.000927959059500473,0.136731263187172,0.00443164664171559
4.68,89.844972456114,89.5837960779513,89.9043326713837,90,-0.000467142304491873,0.131973485132155,0.00434021349726524
4.69,89.8460426228573,89.612307770817,89.9067879416741,90,5.32865393786455e-05,0.125888592316898,0.00425183112025626
4.7,89.8469613205964,89.6440204839043,89.9092044474453,90,0.000623135968395534,0.118583200846657,0.00416660574910234
4.71,89.8477589487452,89.6784902584559,89.9115818112192,90,0.00123200284513312,0.110174434829526,0.00408459897185175
4.72,89.8484659609615,89.715255298405,89.913919812687,90,0.00186942088024041,0.100788312100563,0.00400582997978544
4.73,89.8491124506432,89.7538416460065,89.9162183805255,90,0.00252500331239832,0.0905580778433049,0.00393027820938945
4.74,89.8497277599655,89.7937688273894,89.9184775830265,90,0.00318857814438961,0.079622506230023,0.00385788631580927
4.75,89.8503401166144,89.8345554058972,89.9206976177265,90,0.00385031446594431,0.0681241899712488,0.00378856342010574
4.76,89.8509763018146,89.8757243839263,89.9228788002212,90,0.00450083857841258,0.0562078372188074,0.00372218857273839
4.77,89.8516613526743,89.9168083973979,89.9250215523542,90,0.00513133882963169,0.0440185946165004,0.00365861437643151
4.78,89.8524183012781,89.9573546509429,89.9271263899586,90,0.00573365826667566,0.0317004144515821,0.00359767071309536
4.79,89.8532679523557,89.9969295462924,89.9291939103321,90,0.00630037441630049,0.0193944828434162,0.00353916852148523
4.8,89.8542287007656,90.0351229611773,89.9312247796126,90,0.00682486570535621,0.00723772472964118,0.00348290357492448
4.81,89.8553163894399,90.0715521411902,89.9332197202172,90,0.00730136423325035,-0.00463859990750235,0.00342866021148407
4.82,89.8565442078749,90.1058651724779,89.9351794984931,90,0.007724994803282,-0.0161101955723306,0.00337621497256588
4.83,89.8579226307015,90.1377440087516,89.9371049127202,90,0.00809180030692812,-0.0270609150854463,0.00332534010960343
4.84,89.8594593953619,90.1669070318501,89.9389967815896,90,0.008398753732898,-0.0373838178792155,0.00327580692282293
4.85,89.8611595174389,90.1931111309054,89.9408559332713,90,0.00864375723873083,-0.0469820946147046,0.00322738890020751
4.86,89.8630253417457,90.2161532909669,89.942683195168,90,0.00882562887568745,-0.0557698517056792,0.00317986462940612
4.87,89.865056626896,90.2358716876883,89.9444793844386,90,0.0089440776957186,-0.063672751086363,0.00313302045974393
4.88,89.8672506607271,90.2521462902864,89.9462452993592,90,0.00899966809157057,-0.0706285023115954,0.00308665289613845
4.89,89.8696024036557,90.2648989804115,89.9479817115768,90,0.00899377432654474,-0.0765872058112225,0.00304057071115229
4.9,89.872104656805,90.2740931997443,89.9496893592932,90,0.00892852629836546,-0.0815115478163097,0.00299459676584836
4.91,89.874748251552,90.2797331440226,89.9513689414054,90,0.00880674765180843,-0.0853768491152603,0.00294856953437422
4.92,89.8775222570095,90.281862525745,89.9530211126143,90,0.00863188740679105,-0.0881709713662268,0.00290234433120756
4.93,89.8804142018721,90.2805629319628,89.9546464794989,90,0.00840794630298914,-0.0898940861733008,0.00285579424389096
4.94,89.8834103070268,90.2759518073211,89.9562455975454,90,0.00813939907868041,-0.0905583135134955,0.0028088107775357
4.95,89.8864957253426,90.2681800958084,89.9578189691037,90,0.00783111390133581,-0.0901872373673546,0.0027613042207383
4.96,89.8896547851208,90.2574295775088,89.9593670422386,90,0.00748827015098635,-0.0888153075471383,0.00271320374538396
4.97,89.8928712337961,90.2439099389919,89.9608902104315,90,0.00711627572563715,-0.0864871377239962,0.00266445725549042
4.98,89.8961284786248,90.2278556178235,89.962388813081,90,0.00672068499218777,-0.0832567105218275,0.00261503100243872
4.99,89.8994098212871,90.2095224630129,89.9638631367421,90,0.00630711844740649,-0.0791865012653466,0.00256490898587419
5,89.9026986835446,90.1891842540515,89.9653134170432,90,0.00588118508318845,-0.0743465325391875,0.00251409216103517
5.01,89.9059788213439,90.1671291215251,89.9667398412075,90,0.00544840836986021,-0.0688133721319892,0.00246259747450163
5.02,89.9092345250265,90.1436559121265,89.9681425511105,90,0.00501415668221293,-0.0626690872039331,0.00241045675113464
5.03,89.9124508035955,90.1190705402648,89.9695216467969,90,0.00458357889686811,-0.0560001676296648,0.00235771545551383
5.04,89.9156135512936,90.0936823673836,89.9708771903811,90,0.00416154578815206,-0.0488964314342067,0.00230443135127572
5.05,89.91870969506,90.0678006485904,89.9722092102564,90,0.0037525977443138,-0.0414499250619388,0.00225067308169375
5.06,89.9217273217542,90.0417310842922,89.9735177055372,90,0.00336089921836406,-0.033753830904106,0.00219651869435324
5.07,89.9246557843524,90.0157725122555,89.9748026506608,90,0.00299020021959985,-0.0259013940662999,0.00214205413209088
5.08,89.9274857866384,89.9902137729112,89.9760640000776,90,0.00264380504430602,-0.0179848797926026,0.00208737171146966
5.09,89.9302094462206,89.96533077783,89.977301692963,90,0.00232454833883863,-0.0100945722872333,0.00203256860890669
5.1,89.932820335999,89.9413838081504,89.9785156578866,90,0.00203477848642594,-0.0023178248988042,0.00197774537320252
5.11,89.935313504493,89.9186150663965,89.9797058173789,90,0.00177634821172954,0.00526182923226084,0.00192300448181004
5.12,89.9376854756999,89.8972465016056,89.980872092343,90,0.00155061220589063,0.0125654979032094,0.00186844895651013
5.13,89.9399342293989,89.8774779240559,89.9820144062609,90,0.00135843148990143,0.0195196747998801,0.00181418105251129
5.14,89.9420591630352,89.8594854221743,89.9831326891512,90,0.001200184157115,0.026056902568328,0.00176030103311926
5.15,89.9440610365115,89.8434200904664,89.9842268812418,90,0.00107578206662075,0.0321163489986375,0.00170690604039006
5.16,89.9459419013867,89.8294070735785,89.9852969363251,90,0.000984692999109063,0.0376442924284922,0.00165408907028018
5.17,89.9477050161176,89.8175449279253,89.9863428247708,90,0.000925967735919131,0.0425945136010413,0.00160193805896757
5.18,89.9493547490958,89.8079052987293,89.9873645361764,90,0.00089827148037667,0.0469285923364935,0.00155053508520728
5.19,89.9508964713151,89.8005329068628,89.9883620816415,90,0.000899919008728951,0.050616108487225,0.00149995569184061
5.2,89.9523364405607,89.7954458365862,89.9893354956588,90,0.000928912915555552,0.0536347477299983,0.00145026832784255
5.21,89.9536816790404,89.7926361121806,89.9902848376178,90,0.000982984305813176,0.0559703137948623,0.00140153391072742
5.22,89.9549398463795,89.7920705485977,89.9912101929249,90,0.00105963528190022,0.0576166497278903,0.00135380550755187
5.23,89.9561191098763,89.793691858627,89.9921116737458,90,0.00115618257940922,0.0585754717243179,0.00130712813146751
5.24,89.9572280138684,89.7974199967274,89.9929894193828,90,0.00126980171881552,0.0588561199411423,0.00126153864937662
5.25,89.9582753499882,89.8031537176107,89.9938435963021,90,0.00139757106169122,0.0584752314961106,0.00121706579522107
5.26,89.9592700299931,89.8107723259047,89.9946743978304,90,0.00153651518872799,0.0574563415763018,0.00117373028234362
5.27,89.9602209627512,89.8201375917868,89.9954820435422,90,0.00168364705185942,0.0558294192089744,0.00113154500757848
5.28,89.9611369368298,89.8310958063554,89.9962667783639,90,0.0018360083936089,0.0536303447850175,0.00109051533895553
5.29,89.9620265100032,89.8434799497178,89.9970288714197,90,0.00199070797256594,0.0509003368684607,0.00105063947839544
5.3,89.9628979068376,89.8571119443002,89.9977686146498,90,0.00214495718371711,0.0476853361712942,0.00101190889028998
5.31,89.9637589253569,89.871804965742,89.998486321229,90,0.00229610271542286,0.0440353548208546,0.000974308786661571
5.32,89.9646168536244,89.8873657838973,89.9991823238173,90,0.00244165594040668,0.0400037991968642,0.000937818659349843
5.33,89.9654783969075,89.9035971069356,89.9998569726725,90,0.0025793187950959,0.0356467746684382,0.000902412849752768
5.34,89.9663496159207,89.920299902289,90.0005106336558,90,0.00270700595947806,0.0310223805200197,0.000868061146697052
5.35,89.9672358764736,89.937275669215,90.0011436861608,90,0.00282286320731565,0.0261900032224858,0.000834729403245167
5.36,89.9681418106816,89.9543286390254,90.0017565209946,90,0.00292528185340927,0.0212096159858402,0.000802380163561602
5.37,89.9690712897403,89.9712678805362,90.0023495382407,90,0.0030129092798962,0.0161410922279874,0.000770973291412797
5.38,89.9700274081048,89.987909290008,90.0029231451284,90,0.00308465557661078,0.0110435402156094,0.000740466592281218
5.39,89.9710124787763,90.0040774467415,90.0034777539355,90,0.00313969638075692,0.00597466568492761,0.00071081642174871
5.4,89.9720280392575,90.0196073175414,90.0040137799469,90,0.00317747204802405,0.000990168738895753,0.000681978273341316
5.41,89.9730748676217,90.0343457954414,90.0045316394902,90,0.00319768333015167,-0.0038568192491363,0.000653907339733124
5.42,89.974153008026,90.0481530603564,90.0050317480671,90,0.00320028377281897,-0.00851625360923154,0.000626559041943889
5.43,89.9752618049054,90.0609037516799,90.0055145185974,90,0.00318546908173888,-0.0129416447631507,0.000599889521834365
5.44,89.9763999450029,90.072487945232,90.0059803597899,90,0.00315366373429368,-0.0170904732479879,0.000573856093989792
5.45,89.9775655063231,90.0828119293702,90.0064296746514,90,0.00310550513825202,-0.0209245483020734,0.000548417653849544
5.46,89.9787560130463,90.0917987774682,90.0068628591438,90,0.00304182565836057,-0.0244103076597273,0.00052353503962206
5.47,89.9799684954029,90.0993887163235,90.0072803009954,90,0.00296363284568737,-0.0275190569264616,0.00049917134634847
5.48,89.9811995534884,90.1055392923433,90.0076823786723,90,0.00287208821356434,-0.0302271476281102,0.000475292191072948
5.49,89.9824454239888,90.1102253395617,90.0080694605105,90,0.00276848490795188,-0.0325160937383829,0.000451865928869035
5.5,89.9837020487978,90.1134387556363,90.0084419040102,90,0.00265422461928527,-0.0343726271816994,0.000428863820005938
5.51,89.9849651445238,90.1151880939341,90.0088000552905,90,0.00253079407739058,-0.0357886934747607,0.000406260149227797
5.52,89.9862302719212,90.1154979816318,90.0091442486992,90,0.00239974146143023,-0.0367613893044719,0.000384032298568517
5.53,89.9874929043198,90.1144083754109,90.0094748065745,90,0.00226265304304838,-0.0372928444353533,0.000362160775734115
5.54,89.9887484941875,90.1119736677978,90.00979203915,90,0.00212113036360715,-0.0373900508910606,0.000340629200411692
5.55,89.9899925370185,90.1082616584884,90.0100962445952,90,0.00197676822582824,-0.0370646428570712,0.000319424251320414
5.56,89.9912206318149,90.1033524060826,90.0103877091818,90,0.00183113375675311,-0.0363326312008707,0.000298535577135129
5.57,89.9924285375075,90.0973369765405,90.0106667075665,90,0.00168574677323136,-0.0352140968987541,0.000277955674634444
5.58,89.9936122247426,90.0903161053442,90.0109335031765,90,0.00154206165336124,-0.0337328479916109,0.000257679737699053
5.59,89.9947679225519,90.0823987908213,90.0111883486887,90,0.00140145088823007,-0.0319160449641223,0.000237705480869791
5.6,89.9958921595107,90.07370083634,90.0114314865882,90,0.00126519045809897,-0.0297937996512379,0.000218032941317463
5.61,89.9969817990808,90.0643433591412,90.0116631497948,90,0.00113444714635815,-0.0273987529221535,0.000198664263068519
5.62,89.998034068926,90.0544512834267,90.0118835623442,90,0.001010267873787,-0.0247656364754643,0.000179603467362715
5.63,89.9990465840785,90.0441518349812,90.0120929401117,90,0.000893571104975842,-0.0219308241007177,0.000160856212921195
5.64,90.0000173639199,90.0335730540872,90.0122914915665,90,0.000785140348852416,-0.018931877722651,0.000142429549833101
5.65,90.0009448430275,90.0228423427945,90.0124794185442,90,0.000685619746371898,-0.0158070934473456,0.000124331670582377
5.66,90.0018278760128,90.0120850617564,90.0126569170263,90,0.000595511710899671,-0.0125950526769896,0.000106571661584839
5.67,90.0026657365569,90.0014231908456,90.0128241779167,90,0.000515176561083953,-0.00933418315535819,8.91592583819904e-05
5.68,90.0034581109125,89.9909740666344,90.0129813878035,90,0.00044483406201574,-0.00606233455320269,7.21046074097656e-05
5.69,90.0042050862064,89.9808492085868,90.0131287296999,90,0.000384566768957062,-0.0028163729058091,5.54180369833289e-05
5.7,90.0049071339295,89.9711532444711,90.013266383752,90,0.000334325048510168,0.000368202121439717,3.91098398498681e-05
5.71,90.0055650890487,89.9619829440871,90.0133945279099,90,0.00029393363538434,0.00345761353461588,2.31900694268262e-05
5.72,90.0061801252129,89.9534263689303,90.0135133385532,90,0.000263099568804393,0.00642013367535852,7.66835146384735e-06
5.73,90.0067537265586,89.9455621438949,90.0136229910665,90,0.000241421341168365,0.00922637846744341,-7.44628739370989e-06
5.74,90.0072876566408,89.9384588555794,90.0137236603599,90,0.000228399082877211,0.0118495669087343,-2.21455729514318e-05
5.75,90.0077839250311,89.9321745802124,90.0138155213318,90,0.000223445601374451,0.0142657439276758,-3.6422117878038e-05
5.76,90.0082447521316,89.9267565426788,90.0138987492708,90,0.000225898089119252,0.0164539651872707,-5.02695366113345e-05
5.77,90.0086725327532,89.9222409066241,90.0139735201955,90,0.000235030314613702,0.0183964428856818,-6.36825404416908e-05
5.78,90.0090697989961,89.918652694147,90.0140400111313,90,0.000250065112480142,0.0200786520656481,-7.66570127786565e-05
5.79,90.0094391829596,89.9160058321938,90.0140984003244,90,0.000270186992835406,0.0214893973999933,-8.91900648262362e-05
5.8,90.0097833797839,89.9143033214317,90.0141488673948,90,0.00029455469657323,0.0226208408625509,-0.000101280072116253
5.81,90.0101051115009,89.9135375221402,90.0141915934285,90,0.000322313531785618,0.0234684911184671,-0.000112926692607296
5.82,90.0104070921395,89.9136905505091,90.0142267610126,90,0.000352607336650691,0.0240311558707606,-0.000124130867183201
5.83,90.0106919944922,89.9147347776953,90.0142545542158,90,0.000384589926173981,0.0243108587772982,-0.000134894803642465
5.84,90.0109624189128,89.9166334230649,90.0142751585179,90,0.000417435893324176,0.0243127229006787,-0.000145221945315938
5.85,90.0112208644675,89.9193412322485,90.0142887606922,90,0.000450350649495151,0.0240448229696469,-0.000155116925668137
5.86,90.0114697027203,89.9228052299626,90.0142955486449,90,0.000482579604550795,0.0235180090123018,-0.000164585510255761
5.87,90.0117111543812,89.9269655370107,90.0142957112173,90,0.000513416402629021,0.0227457041659649,-0.000173634527548359
5.88,90.0119472690016,89.9317562404703,90.0142894379533,90,0.000542210146130971,0.0217436796749565,-0.000182271790135448
5.89,90.0121799078497,89.937106305799,90.01427691884,90,0.000568371556962844,0.0205298102540852,-0.000190506007885774
5.9,90.0124107300523,89.9429405194546,90.0142583440242,90,0.000591378040384907,0.0191238131220086,-0.000198346694629618
5.91,90.0126411820401,89.9491804506166,90.0142339035113,90,0.000610777633124527,0.0175469740943438,-0.000205804069926735
5.92,90.0128724902889,89.9557454207176,90.0142037868503,90,0.000626191832997029,0.0158218641717455,-0.00021288895741823
5.93,90.0131056573072,89.9625534697346,90.0141681828112,90,0.000637317322388448,0.0139720500639907,-0.000219612681279074
5.94,90.0133414607759,89.9695223085487,90.0141272790581,90,0.000643926612063269,0.0120218020581338,-0.000225986962134349
5.95,90.0135804557113,89.9765702471529,90.0140812618233,90,0.000645867645051555,0.00999580256899226,-0.00023202381382735
5.96,90.0138229794873,89.9836170890514,90.014030315587,90,0.000643062412339154,0.00791885860495781,-0.000237735442217259
5.97,90.0140691595202,89.9905849828564,90.0139746227641,90,0.000635504643086629,0.00581562124407422,-0.000243134147183676
5.98,90.0143189233963,89.9973992228282,90.0139143634056,90,0.00062325664146272,0.00371031504654875,-0.000248232228867965
5.99,90.014572011195,90.0039889909143,90.0138497149139,90,0.000606445350489122,0.00162648013357368,-0.000253041899051372
6,90.0148279897476,90.0102880337153,90.013780851777,90,0.000585257729884549,-0.000413270558889727,-0.000257575198469296
